symbol,since
0x01,3.8.0
0x02,3.8.0
0x04,3.8.0
0x08,3.8.0
CE_Debug,3.8.0
CE_Failure,3.8.0
CE_Fatal,3.8.0
CE_None,3.8.0
CE_Warning,3.8.0
CPLDestroyXMLNode,3.8.0
CPLES_BackslashQuotable,3.8.0
CPLES_CSV,3.8.0
CPLES_SQL,3.8.0
CPLES_SQLI,3.8.0
CPLES_URL,3.8.0
CPLES_XML,3.8.0
CPLES_XML_BUT_QUOTES,3.8.0
CPLE_AccessDenied,3.12.0
CPLE_AppDefined,3.8.0
CPLE_AssertionFailed,3.8.0
CPLE_BucketNotFound,3.12.0
CPLE_FileIO,3.8.0
CPLE_HttpResponse,3.8.0
CPLE_IllegalArg,3.8.0
CPLE_InvalidCredentials,3.12.0
CPLE_NoWriteAccess,3.8.0
CPLE_None,3.8.0
CPLE_NotSupported,3.8.0
CPLE_ObjectNotFound,3.12.0
CPLE_ObjectNull,3.8.0
CPLE_ObjectStorageGenericError,3.12.0
CPLE_OpenFailed,3.8.0
CPLE_OutOfMemory,3.8.0
CPLE_SignatureDoesNotMatch,3.12.0
CPLE_UserInterrupt,3.8.0
CPLError,3.8.0
CPLErrorReset,3.8.0
CPLFree,3.8.0
CPLGetErrorHandlerUserData,3.8.0
CPLGetXMLValue,3.8.0
CPLParseXMLString,3.8.0
CPLPopErrorHandler,3.8.0
CPLPushErrorHandlerEx,3.8.0
CXT_Attribute,3.8.0
CXT_Comment,3.8.0
CXT_Element,3.8.0
CXT_Literal,3.8.0
CXT_Text,3.8.0
GAAT_BOOLEAN,3.11.0
GAAT_DATASET,3.11.0
GAAT_DATASET_LIST,3.11.0
GAAT_INTEGER,3.11.0
GAAT_INTEGER_LIST,3.11.0
GAAT_REAL,3.11.0
GAAT_REAL_LIST,3.11.0
GAAT_STRING,3.11.0
GAAT_STRING_LIST,3.11.0
GADV_NAME,3.11.0
GADV_OBJECT,3.11.0
GARIO_COMPLETE,3.8.0
GARIO_ERROR,3.8.0
GARIO_PENDING,3.8.0
GARIO_UPDATE,3.8.0
GA_ReadOnly,3.8.0
GA_Update,3.8.0
GCI_AlphaBand,3.8.0
GCI_BlackBand,3.8.0
GCI_BlueBand,3.8.0
GCI_CoastalBand,3.10.0
GCI_CyanBand,3.8.0
GCI_GrayIndex,3.8.0
GCI_GreenBand,3.8.0
GCI_HueBand,3.8.0
GCI_IR_End,3.10.0
GCI_IR_Start,3.10.0
GCI_LWIRBand,3.10.0
GCI_LightnessBand,3.8.0
GCI_MWIRBand,3.10.0
GCI_MagentaBand,3.8.0
GCI_Max,3.8.0
GCI_NIRBand,3.10.0
GCI_OtherIRBand,3.10.0
GCI_PaletteIndex,3.8.0
GCI_PanBand,3.10.0
GCI_RedBand,3.8.0
GCI_RedEdgeBand,3.10.0
GCI_SAR_C_Band,3.10.0
GCI_SAR_End,3.10.0
GCI_SAR_K_Band,3.10.0
GCI_SAR_Ka_Band,3.10.0
GCI_SAR_Ku_Band,3.10.0
GCI_SAR_L_Band,3.10.0
GCI_SAR_P_Band,3.10.0
GCI_SAR_S_Band,3.10.0
GCI_SAR_Start,3.10.0
GCI_SAR_X_Band,3.10.0
GCI_SWIRBand,3.10.0
GCI_SaturationBand,3.8.0
GCI_TIRBand,3.10.0
GCI_Undefined,3.8.0
GCI_YCbCr_CbBand,3.8.0
GCI_YCbCr_CrBand,3.8.0
GCI_YCbCr_YBand,3.8.0
GCI_YellowBand,3.8.0
GDALAddBand,3.8.0
GDALAlgorithmArgGetAsDatasetValue,3.11.0
GDALAlgorithmArgGetChoices,3.11.0
GDALAlgorithmArgGetDescription,3.11.0
GDALAlgorithmArgGetType,3.11.0
GDALAlgorithmArgIsInput,3.11.0
GDALAlgorithmArgIsOutput,3.11.0
GDALAlgorithmArgIsPositional,3.11.0
GDALAlgorithmArgIsRequired,3.11.0
GDALAlgorithmArgRelease,3.11.0
GDALAlgorithmArgSetAsBoolean,3.11.0
GDALAlgorithmArgSetAsDouble,3.11.0
GDALAlgorithmArgSetAsDoubleList,3.11.0
GDALAlgorithmArgSetAsInteger,3.11.0
GDALAlgorithmArgSetAsIntegerList,3.11.0
GDALAlgorithmArgSetAsString,3.11.0
GDALAlgorithmArgSetAsStringList,3.11.0
GDALAlgorithmArgSetDataset,3.11.0
GDALAlgorithmArgSetDatasetNames,3.11.0
GDALAlgorithmArgSetDatasets,3.11.0
GDALAlgorithmArgTypeName,3.11.0
GDALAlgorithmFinalize,3.11.0
GDALAlgorithmGetArg,3.11.0
GDALAlgorithmGetArgNames,3.11.0
GDALAlgorithmGetDescription,3.11.0
GDALAlgorithmGetHelpFullURL,3.11.0
GDALAlgorithmGetLongDescription,3.11.0
GDALAlgorithmGetName,3.11.0
GDALAlgorithmGetSubAlgorithmNames,3.11.0
GDALAlgorithmInstantiateSubAlgorithm,3.11.0
GDALAlgorithmRegistryGetAlgNames,3.11.0
GDALAlgorithmRegistryInstantiateAlg,3.11.0
GDALAlgorithmRegistryRelease,3.11.0
GDALAlgorithmRelease,3.11.0
GDALAlgorithmRun,3.11.0
GDALAllRegister,3.8.0
GDALApplyGeoTransform,3.8.0
GDALArgDatasetValueGetDatasetIncreaseRefCount,3.11.0
GDALArgDatasetValueGetDatasetRef,3.11.0
GDALArgDatasetValueGetName,3.11.0
GDALAttributeGetDataType,3.8.0
GDALAttributeGetName,3.8.0
GDALAttributeReadAsDoubleArray,3.8.0
GDALAttributeReadAsString,3.8.0
GDALAttributeReadAsStringArray,3.8.0
GDALBuildOverviewsEx,3.8.0
GDALClose,3.8.0
GDALCloseEx,3.13.0
GDALCreate,3.8.0
GDALCreateDatasetMaskBand,3.8.0
GDALDatasetAbortSQL,3.8.0
GDALDatasetAddRelationship,3.8.0
GDALDatasetAsMDArray,3.12.0
GDALDatasetClearStatistics,3.8.0
GDALDatasetCommitTransaction,3.8.0
GDALDatasetCreateLayer,3.8.0
GDALDatasetDeleteFieldDomain,3.8.0
GDALDatasetDeleteRelationship,3.8.0
GDALDatasetExecuteSQL,3.8.0
GDALDatasetGetCloseReportsProgress,3.13.0
GDALDatasetGetFieldDomain,3.8.0
GDALDatasetGetFieldDomainNames,3.8.0
GDALDatasetGetLayer,3.8.0
GDALDatasetGetLayerByName,3.8.0
GDALDatasetGetLayerCount,3.8.0
GDALDatasetGetRelationship,3.8.0
GDALDatasetGetRelationshipNames,3.8.0
GDALDatasetGetRootGroup,3.8.0
GDALDatasetIsThreadSafe,3.10.0
GDALDatasetMarkSuppressOnClose,3.12.0
GDALDatasetRasterIOEx,3.8.0
GDALDatasetReleaseResultSet,3.8.0
GDALDatasetResetReading,3.8.0
GDALDatasetRollbackTransaction,3.8.0
GDALDatasetStartTransaction,3.8.0
GDALDatasetUpdateFieldDomain,3.8.0
GDALDatasetUpdateRelationship,3.8.0
GDALDimensionGetDirection,3.8.0
GDALDimensionGetIndexingVariable,3.8.0
GDALDimensionGetName,3.8.0
GDALDimensionGetSize,3.8.0
GDALDimensionGetType,3.8.0
GDALDriverHasOpenOption,3.11.0
GDALExtendedDataTypeCreate,3.8.0
GDALExtendedDataTypeGetClass,3.8.0
GDALExtendedDataTypeGetName,3.8.0
GDALExtendedDataTypeGetNumericDataType,3.8.0
GDALExtendedDataTypeRelease,3.8.0
GDALFlushCache,3.8.0
GDALGetBandNumber,3.8.0
GDALGetBlockSize,3.8.0
GDALGetColorInterpretationName,3.8.0
GDALGetDataTypeName,3.8.0
GDALGetDatasetDriver,3.8.0
GDALGetDescription,3.8.0
GDALGetDriver,3.8.0
GDALGetDriverByName,3.8.0
GDALGetDriverCount,3.8.0
GDALGetDriverCreationOptionList,3.8.0
GDALGetDriverHelpTopic,3.8.0
GDALGetDriverLongName,3.8.0
GDALGetDriverShortName,3.8.0
GDALGetExtent,3.12.0
GDALGetExtentWGS84LongLat,3.12.0
GDALGetFileList,3.8.0
GDALGetGCPCount,3.8.0
GDALGetGCPProjection,3.8.0
GDALGetGeoTransform,3.8.0
GDALGetGlobalAlgorithmRegistry,3.11.0
GDALGetMetadata,3.8.0
GDALGetMetadataDomainList,3.8.0
GDALGetMetadataItem,3.8.0
GDALGetOverview,3.8.0
GDALGetOverviewCount,3.8.0
GDALGetProjectionRef,3.8.0
GDALGetRasterBand,3.8.0
GDALGetRasterBandXSize,3.8.0
GDALGetRasterBandYSize,3.8.0
GDALGetRasterColorInterpretation,3.8.0
GDALGetRasterCount,3.8.0
GDALGetRasterDataType,3.8.0
GDALGetRasterNoDataValue,3.8.0
GDALGetRasterOffset,3.8.0
GDALGetRasterScale,3.8.0
GDALGetRasterUnitType,3.8.0
GDALGetRasterXSize,3.8.0
GDALGetRasterYSize,3.8.0
GDALGetThreadSafeDataset,3.10.0
GDALGroupGetAttributes,3.8.0
GDALGroupGetFullName,3.8.0
GDALGroupGetGroupNames,3.8.0
GDALGroupGetMDArrayNames,3.8.0
GDALGroupGetName,3.8.0
GDALGroupOpenGroup,3.8.0
GDALGroupOpenMDArray,3.8.0
GDALGroupOpenMDArrayFromFullname,3.8.0
GDALGroupRelease,3.8.0
GDALInvGeoTransform,3.8.0
GDALMDArrayAsClassicDataset,3.8.0
GDALMDArrayGetAttributes,3.8.0
GDALMDArrayGetCoordinateVariables,3.8.0
GDALMDArrayGetDataType,3.8.0
GDALMDArrayGetDimensionCount,3.8.0
GDALMDArrayGetDimensions,3.8.0
GDALMDArrayGetFullName,3.8.0
GDALMDArrayGetName,3.8.0
GDALMDArrayGetNoDataValueAsDouble,3.8.0
GDALMDArrayGetOffset,3.8.0
GDALMDArrayGetScale,3.8.0
GDALMDArrayGetSpatialRef,3.8.0
GDALMDArrayGetUnit,3.8.0
GDALMDArrayGetView,3.8.0
GDALMDArrayRead,3.8.0
GDALMDArrayRelease,3.8.0
GDALOpenEx,3.8.0
GDALRasterIOEx,3.8.0
GDALReleaseArrays,3.8.0
GDALReleaseAttributes,3.8.0
GDALReleaseDataset,3.8.0
GDALReleaseDimensions,3.8.0
GDALSetDescription,3.8.0
GDALSetGeoTransform,3.8.0
GDALSetMetadata,3.8.0
GDALSetMetadataItem,3.8.0
GDALSetProjection,3.8.0
GDALSetSpatialRef,3.8.0
GDALVersionInfo,3.8.0
GDAL_COMPUTE_VERSION,3.8.0
GDAL_DCAP_APPEND,3.12.0
GDAL_DCAP_COORDINATE_EPOCH,3.8.0
GDAL_DCAP_CREATE,3.8.0
GDAL_DCAP_CREATECOPY,3.8.0
GDAL_DCAP_CREATECOPY_MULTIDIMENSIONAL,3.8.0
GDAL_DCAP_CREATE_FIELD,3.8.0
GDAL_DCAP_CREATE_LAYER,3.8.0
GDAL_DCAP_CREATE_MULTIDIMENSIONAL,3.8.0
GDAL_DCAP_CREATE_ONLY_VISIBLE_AT_CLOSE_TIME,3.12.0
GDAL_DCAP_CREATE_RELATIONSHIP,3.8.0
GDAL_DCAP_CURVE_GEOMETRIES,3.8.0
GDAL_DCAP_DEFAULT_FIELDS,3.8.0
GDAL_DCAP_DELETE_FIELD,3.8.0
GDAL_DCAP_DELETE_LAYER,3.8.0
GDAL_DCAP_DELETE_RELATIONSHIP,3.8.0
GDAL_DCAP_FEATURE_STYLES,3.8.0
GDAL_DCAP_FEATURE_STYLES_READ,3.8.0
GDAL_DCAP_FEATURE_STYLES_WRITE,3.8.0
GDAL_DCAP_FIELD_DOMAINS,3.8.0
GDAL_DCAP_FLUSHCACHE_CONSISTENT_STATE,3.8.0
GDAL_DCAP_GNM,3.8.0
GDAL_DCAP_MEASURED_GEOMETRIES,3.8.0
GDAL_DCAP_MULTIDIM_RASTER,3.8.0
GDAL_DCAP_MULTIPLE_VECTOR_LAYERS,3.8.0
GDAL_DCAP_MULTIPLE_VECTOR_LAYERS_IN_DIRECTORY,3.13.0
GDAL_DCAP_NONSPATIAL,3.8.0
GDAL_DCAP_NOTNULL_FIELDS,3.8.0
GDAL_DCAP_NOTNULL_GEOMFIELDS,3.8.0
GDAL_DCAP_OPEN,3.8.0
GDAL_DCAP_RASTER,3.8.0
GDAL_DCAP_RELATIONSHIPS,3.8.0
GDAL_DCAP_RENAME_LAYERS,3.8.0
GDAL_DCAP_REORDER_FIELDS,3.8.0
GDAL_DCAP_SUBCREATECOPY,3.8.0
GDAL_DCAP_UNIQUE_FIELDS,3.8.0
GDAL_DCAP_UPDATE,3.11.0
GDAL_DCAP_UPDATE_RELATIONSHIP,3.8.0
GDAL_DCAP_UPSERT,3.12.0
GDAL_DCAP_VECTOR,3.8.0
GDAL_DCAP_VIRTUALIO,3.8.0
GDAL_DCAP_Z_GEOMETRIES,3.8.0
GDAL_DIM_TYPE_HORIZONTAL_X,3.8.0
GDAL_DIM_TYPE_HORIZONTAL_Y,3.8.0
GDAL_DIM_TYPE_PARAMETRIC,3.8.0
GDAL_DIM_TYPE_TEMPORAL,3.8.0
GDAL_DIM_TYPE_VERTICAL,3.8.0
GDAL_DMD_ALTER_FIELD_DEFN_FLAGS,3.8.0
GDAL_DMD_ALTER_GEOM_FIELD_DEFN_FLAGS,3.8.0
GDAL_DMD_CONNECTION_PREFIX,3.8.0
GDAL_DMD_CREATIONDATATYPES,3.8.0
GDAL_DMD_CREATIONFIELDDATASUBTYPES,3.8.0
GDAL_DMD_CREATIONFIELDDATATYPES,3.8.0
GDAL_DMD_CREATIONOPTIONLIST,3.8.0
GDAL_DMD_CREATION_FIELD_DEFN_FLAGS,3.8.0
GDAL_DMD_CREATION_FIELD_DOMAIN_TYPES,3.8.0
GDAL_DMD_EXTENSION,3.8.0
GDAL_DMD_EXTENSIONS,3.8.0
GDAL_DMD_GEOMETRY_FLAGS,3.8.0
GDAL_DMD_HELPTOPIC,3.8.0
GDAL_DMD_ILLEGAL_FIELD_NAMES,3.8.0
GDAL_DMD_LONGNAME,3.8.0
GDAL_DMD_MAX_STRING_LENGTH,3.12.0
GDAL_DMD_MIMETYPE,3.8.0
GDAL_DMD_MULTIDIM_ARRAY_CREATIONOPTIONLIST,3.8.0
GDAL_DMD_MULTIDIM_ARRAY_OPENOPTIONLIST,3.8.0
GDAL_DMD_MULTIDIM_ATTRIBUTE_CREATIONOPTIONLIST,3.8.0
GDAL_DMD_MULTIDIM_DATASET_CREATIONOPTIONLIST,3.8.0
GDAL_DMD_MULTIDIM_DIMENSION_CREATIONOPTIONLIST,3.8.0
GDAL_DMD_MULTIDIM_GROUP_CREATIONOPTIONLIST,3.8.0
GDAL_DMD_NUMERIC_FIELD_WIDTH_INCLUDES_DECIMAL_SEPARATOR,3.8.0
GDAL_DMD_NUMERIC_FIELD_WIDTH_INCLUDES_SIGN,3.8.0
GDAL_DMD_OPENOPTIONLIST,3.8.0
GDAL_DMD_OVERVIEW_CREATIONOPTIONLIST,3.12.0
GDAL_DMD_RELATIONSHIP_FLAGS,3.8.0
GDAL_DMD_RELATIONSHIP_RELATED_TABLE_TYPES,3.8.0
GDAL_DMD_SUBDATASETS,3.8.0
GDAL_DMD_SUPPORTED_SQL_DIALECTS,3.8.0
GDAL_DMD_UPDATE_ITEMS,3.11.0
GDAL_OF_ALL,3.8.0
GDAL_OF_GNM,3.8.0
GDAL_OF_MULTIDIM_RASTER,3.8.0
GDAL_OF_RASTER,3.8.0
GDAL_OF_READONLY,3.8.0
GDAL_OF_SHARED,3.8.0
GDAL_OF_THREAD_SAFE,3.10.0
GDAL_OF_UPDATE,3.8.0
GDAL_OF_VECTOR,3.8.0
GDAL_OF_VERBOSE_ERROR,3.8.0
GDT_Byte,3.8.0
GDT_CFloat16,3.11.0
GDT_CFloat32,3.8.0
GDT_CFloat64,3.8.0
GDT_CInt16,3.8.0
GDT_CInt32,3.8.0
GDT_Float16,3.11.0
GDT_Float32,3.8.0
GDT_Float64,3.8.0
GDT_Int16,3.8.0
GDT_Int32,3.8.0
GDT_Int64,3.8.0
GDT_Int8,3.8.0
GDT_TypeCount,3.8.0
GDT_UInt16,3.8.0
GDT_UInt32,3.8.0
GDT_UInt64,3.8.0
GDT_UInt8,3.13.0
GDT_Unknown,3.8.0
GFT_Boolean,3.12.0
GFT_DateTime,3.12.0
GFT_Integer,3.8.0
GFT_Real,3.8.0
GFT_String,3.8.0
GFT_WKBGeometry,3.12.0
GFU_Alpha,3.8.0
GFU_AlphaMax,3.8.0
GFU_AlphaMin,3.8.0
GFU_Blue,3.8.0
GFU_BlueMax,3.8.0
GFU_BlueMin,3.8.0
GFU_Generic,3.8.0
GFU_Green,3.8.0
GFU_GreenMax,3.8.0
GFU_GreenMin,3.8.0
GFU_Max,3.8.0
GFU_MaxCount,3.8.0
GFU_Min,3.8.0
GFU_MinMax,3.8.0
GFU_Name,3.8.0
GFU_PixelCount,3.8.0
GFU_Red,3.8.0
GFU_RedMax,3.8.0
GFU_RedMin,3.8.0
GF_Read,3.8.0
GF_Write,3.8.0
GPI_CMYK,3.8.0
GPI_Gray,3.8.0
GPI_HLS,3.8.0
GPI_RGB,3.8.0
GRA_Average,3.8.0
GRA_Bilinear,3.8.0
GRA_Cubic,3.8.0
GRA_CubicSpline,3.8.0
GRA_Lanczos,3.8.0
GRA_Max,3.8.0
GRA_Med,3.8.0
GRA_Min,3.8.0
GRA_Mode,3.8.0
GRA_NearestNeighbour,3.8.0
GRA_Q1,3.8.0
GRA_Q3,3.8.0
GRA_RMS,3.8.0
GRA_Sum,3.8.0
GRC_MANY_TO_MANY,3.8.0
GRC_MANY_TO_ONE,3.8.0
GRC_ONE_TO_MANY,3.8.0
GRC_ONE_TO_ONE,3.8.0
GRIORA_Average,3.8.0
GRIORA_Bilinear,3.8.0
GRIORA_Cubic,3.8.0
GRIORA_CubicSpline,3.8.0
GRIORA_Gauss,3.8.0
GRIORA_Lanczos,3.8.0
GRIORA_Mode,3.8.0
GRIORA_NearestNeighbour,3.8.0
GRIORA_RMS,3.8.0
GRTT_ATHEMATIC,3.8.0
GRTT_THEMATIC,3.8.0
GRT_AGGREGATION,3.8.0
GRT_ASSOCIATION,3.8.0
GRT_COMPOSITE,3.8.0
GTO_BIT,3.8.0
GTO_BSQ,3.8.0
GTO_TIP,3.8.0
OGRGeometryTypeToName,3.8.0
OGR_L_CreateFieldFromArrowSchema,3.8.0
OGR_L_GetArrowStream,3.8.0
OGR_L_GetExtent,3.8.0
OGR_L_GetFeatureCount,3.8.0
OGR_L_GetGeomType,3.8.0
OGR_L_GetName,3.8.0
OGR_L_GetSpatialRef,3.8.0
OGR_L_ResetReading,3.8.0
OGR_L_SetAttributeFilter,3.8.0
OGR_L_SetSpatialFilter,3.8.0
OGR_L_SetSpatialFilterRect,3.8.0
OGR_L_TestCapability,3.8.0
OGR_L_WriteArrowBatch,3.8.0
OSRDestroySpatialReference,3.8.0
OSRExportToWkt,3.8.0
OSRNewSpatialReference,3.8.0
OSRSetFromUserInput,3.8.0
